{
  "dna": {
    "time": {
      "REmatch": {
        "mean": 0.2,
        "median": 0.14500000000000002
      },
      "RE2": {
        "mean": 0.16,
        "median": 0.11
      },
      "PCRE": {
        "mean": 0.98,
        "median": 0.96
      },
      "PCRE2": {
        "mean": 0.1,
        "median": 0.11
      },
      "boost": {
        "mean": 1.94,
        "median": 1.91
      },
      "oniguruma": {
        "mean": 0.36,
        "median": 0.36
      },
      "TRE": {
        "mean": 0.85,
        "median": 0.8
      }
    },
    "memory": {
      "REmatch": {
        "mean": 23.19,
        "median": 6.445734977722168
      },
      "RE2": {
        "mean": 3.38,
        "median": 2.016047477722168
      },
      "PCRE": {
        "mean": 1.45,
        "median": 1.453547477722168
      },
      "PCRE2": {
        "mean": 3.34,
        "median": 1.812922477722168
      },
      "boost": {
        "mean": 1.37,
        "median": 1.359797477722168
      },
      "oniguruma": {
        "mean": 1.49,
        "median": 1.484797477722168
      },
      "TRE": {
        "mean": 1.42,
        "median": 1.406672477722168
      }
    },
    "outputs": {
      "REmatch": {
        "mean": 16187.37,
        "median": 150.0
      },
      "RE2": {
        "mean": 10556.89,
        "median": 101.5
      },
      "PCRE": {
        "mean": 13130.36,
        "median": 127.0
      },
      "PCRE2": {
        "mean": 13130.36,
        "median": 127.0
      },
      "boost": {
        "mean": 13130.36,
        "median": 127.0
      },
      "oniguruma": {
        "mean": 13130.36,
        "median": 127.0
      },
      "TRE": {
        "mean": 10556.89,
        "median": 101.5
      }
    },
    "throughput": {
      "REmatch": {
        "mean": 245201261.69,
        "median": 266125891.19047618
      },
      "RE2": {
        "mean": 427943170.75,
        "median": 350315722.72727275
      },
      "PCRE": {
        "mean": 39739790.47,
        "median": 40140350.520833336
      },
      "PCRE2": {
        "mean": 515681751.63,
        "median": 350317886.3636364
      },
      "boost": {
        "mean": 19947772.71,
        "median": 20176811.518324606
      },
      "oniguruma": {
        "mean": 117879527.69,
        "median": 107084450.0
      },
      "TRE": {
        "mean": 52187960.83,
        "median": 48194544.882012814
      }
    },
    "fot": {
      "REmatch": {
        "mean": 0.0,
        "median": 0.0
      },
      "RE2": {
        "mean": 0.0,
        "median": 0.0
      },
      "PCRE": {
        "mean": 0.0,
        "median": 0.0
      },
      "PCRE2": {
        "mean": 0.0,
        "median": 0.0
      },
      "boost": {
        "mean": 0.0,
        "median": 0.0
      },
      "oniguruma": {
        "mean": 0.0,
        "median": 0.0
      },
      "TRE": {
        "mean": 0.0,
        "median": 0.0
      }
    }
  },
  "morphemes": {
    "time": {
      "REmatch": {
        "mean": 0.19,
        "median": 0.22
      },
      "RE2": {
        "mean": 0.15,
        "median": 0.14
      },
      "PCRE": {
        "mean": 1.32,
        "median": 1.41
      },
      "PCRE2": {
        "mean": 0.26,
        "median": 0.26
      },
      "boost": {
        "mean": 2.45,
        "median": 2.5
      },
      "oniguruma": {
        "mean": 0.95,
        "median": 1.2
      },
      "TRE": {
        "mean": 1.6,
        "median": 1.795
      }
    },
    "memory": {
      "REmatch": {
        "mean": 2.02,
        "median": 2.0158519744873047
      },
      "RE2": {
        "mean": 1.51,
        "median": 1.4767894744873047
      },
      "PCRE": {
        "mean": 1.4,
        "median": 1.3908519744873047
      },
      "PCRE2": {
        "mean": 1.87,
        "median": 1.8205394744873047
      },
      "boost": {
        "mean": 1.37,
        "median": 1.3596019744873047
      },
      "oniguruma": {
        "mean": 1.56,
        "median": 1.5471019744873047
      },
      "TRE": {
        "mean": 1.29,
        "median": 1.2814769744873047
      }
    },
    "outputs": {
      "REmatch": {
        "mean": 704.59,
        "median": 99.5
      },
      "RE2": {
        "mean": 704.93,
        "median": 100.5
      },
      "PCRE": {
        "mean": 705.14,
        "median": 100.5
      },
      "PCRE2": {
        "mean": 705.14,
        "median": 100.5
      },
      "boost": {
        "mean": 642.64,
        "median": 88.5
      },
      "oniguruma": {
        "mean": 705.58,
        "median": 100.5
      },
      "TRE": {
        "mean": 704.17,
        "median": 100.5
      }
    },
    "throughput": {
      "REmatch": {
        "mean": 277499568.0,
        "median": 228789259.0909091
      },
      "RE2": {
        "mean": 343775967.9,
        "median": 359525971.4285714
      },
      "PCRE": {
        "mean": 38808780.1,
        "median": 35697684.39716312
      },
      "PCRE2": {
        "mean": 193822623.01,
        "median": 193591100.00000003
      },
      "boost": {
        "mean": 20623189.53,
        "median": 20133470.2
      },
      "oniguruma": {
        "mean": 61495734.73,
        "median": 41944706.25
      },
      "TRE": {
        "mean": 33257396.09,
        "median": 28041416.527001858
      }
    },
    "fot": {
      "REmatch": {
        "mean": 0.0,
        "median": 0.0
      },
      "RE2": {
        "mean": 0.0,
        "median": 0.0
      },
      "PCRE": {
        "mean": 0.0,
        "median": 0.0
      },
      "PCRE2": {
        "mean": 0.0,
        "median": 0.0
      },
      "boost": {
        "mean": 0.0,
        "median": 0.0
      },
      "oniguruma": {
        "mean": 0.0,
        "median": 0.0
      },
      "TRE": {
        "mean": 0.0,
        "median": 0.0
      }
    }
  },
  "sparql": {
    "time": {
      "REmatch": {
        "mean": 1.1,
        "median": 0.27
      },
      "RE2": {
        "mean": 0.53,
        "median": 0.24
      },
      "PCRE": {
        "mean": 2.74,
        "median": 1.3
      },
      "PCRE2": {
        "mean": 0.62,
        "median": 0.46
      },
      "boost": {
        "mean": 4.39,
        "median": 4.0
      },
      "oniguruma": {
        "mean": 2.42,
        "median": 1.52
      },
      "TRE": {
        "mean": 1.03,
        "median": 1.02
      }
    },
    "memory": {
      "REmatch": {
        "mean": 3.58,
        "median": 3.530794143676758
      },
      "RE2": {
        "mean": 1.92,
        "median": 1.8589191436767578
      },
      "PCRE": {
        "mean": 1.61,
        "median": 1.5776691436767578
      },
      "PCRE2": {
        "mean": 51.67,
        "median": 4.905794143676758
      },
      "boost": {
        "mean": 1.4,
        "median": 1.3901691436767578
      },
      "oniguruma": {
        "mean": 1.88,
        "median": 1.7807941436767578
      },
      "TRE": {
        "mean": 1.32,
        "median": 1.3120441436767578
      }
    },
    "outputs": {
      "REmatch": {
        "mean": 29424.24,
        "median": 1938.0
      },
      "RE2": {
        "mean": 12287.78,
        "median": 1268.0
      },
      "PCRE": {
        "mean": 29424.24,
        "median": 1938.0
      },
      "PCRE2": {
        "mean": 29424.24,
        "median": 1938.0
      },
      "boost": {
        "mean": 29424.24,
        "median": 1938.0
      },
      "oniguruma": {
        "mean": 29424.24,
        "median": 1938.0
      },
      "TRE": {
        "mean": 1.98,
        "median": 0.0
      }
    },
    "throughput": {
      "REmatch": {
        "mean": 210096603.72,
        "median": 281935203.7037037
      },
      "RE2": {
        "mean": 233000749.94,
        "median": 317169970.8333334
      },
      "PCRE": {
        "mean": 55393563.6,
        "median": 58631638.46153846
      },
      "PCRE2": {
        "mean": 214933821.26,
        "median": 165698115.21739128
      },
      "boost": {
        "mean": 18024623.64,
        "median": 19055283.25
      },
      "oniguruma": {
        "mean": 50314138.19,